from,to,value,gas,gasPrice,nonce,data,hash
0x542a712468ed26dfcf4A6604E1d338D9f2db6C5c,0x472BC9e9edE368781B70Ced0657c4725a2B0779b,0,21000,50000000000,0,0x,0xa31513b9a140ba4583f92c35d75fe6b391c622fbc2e8f0e8e7133a16f2b8fe66
0x8C04FC8A7b687a44EDCF97B21ad0b3345bc2A47E,0xC1C31DD36D62e8B34B85414b8537fcA56ebA6B28,0,21000,50000000000,0,0x,0x679c45c9fda156dc0df40dced5830832011a9ad424840b9e8935ccf29f9269a7
0x86eacC677BD0B22A724500e4c945CbB2DD90db7d,0x3882712f495e860cB25eA4F5fd642bC31bF46Bcf,0,21000,50000000000,0,0x,0x2945f54f1c4fc82d71ca011b4a49a7a6580a0a0138f7b319ca954ee42b1e2e30
0x2a91D0C2C82cE8d6F6a9856cC4F0Fa6894aB1D43,0x8C6C753cd14EBC0e1832161988214Bfe50b851Ca,0,21000,50000000000,0,0x,0x088cddfb5e2c12232c860bd0191f4a30bdb374569663370298295c95628e9434
0xc90Fd19e46E0211348A53b349f12fbd6Ef2E088C,0x14B9F996e9C4B1B2759e883fB4a9c815506d79C2,0,21000,50000000000,0,0x,0x00436d36f72441f49cf6b54e02e1d062e5e307185260b49f2af1dc65ae805955
0x934E8b427987C0528BF777eB5E769647e011176A,0x57b46f2015F79bD810E6E84E997CF8C20f00D301,0,21000,50000000000,0,0x,0x507e16fb0caf27114804ae780eb5d0fc9d9e7a5a1578d8a82c3fdc07b18bedf6
0x031A803068468c1D52D0c0F0DfE97959ccA03086,0x8f75347D390143b0D257C55436E53Eb21BcAFf5f,0,21000,50000000000,0,0x,0x21de79e402218cff455257451c51f5312e2632e9fee15adf671f220bb5c61204
0x2fC477928990cab5BcAbf926526C271F0CaDEB8E,0x60480435F2bbbA9A25d005f07aA0a5450C953CC5,0,21000,50000000000,0,0x,0x4e7163bc7b50960f4ff24a6304b8baa94aa7d4baee8861b7fe0dfa7e6068f8a2
0xD1e00218bcD6076F5b0f94c3F9689550F122B661,0x979c4170E4bf5053fC49d60827E781d9c6B10E16,0,21000,50000000000,0,0x,0xe676de4ba4d175a1eb9a2b6beb1b8b78a8852d38d1fed7d75bbbcb502b174721
0x589Eef0a025421AbC251057Cf44E42f54839a552,0x35374167f1A3e2C2934C8fc2c321bF8221fD80fe,0,21000,50000000000,0,0x,0xabe0e38babe34f44b13fab90c1450903e23f2544f2f363e53a9ae3dce620f502
0x2bC86547A221C457514b0Fa5033E811396c54a47,0x2CA500ee1B315Bf4deCA4d5fD32602e8925f6780,0,21000,50000000000,0,0x,0xa96cf1ae7871360fe82f209b143149ce89c2a030e979c6906051e3a2b1840e2f
0x118EdDDeB864927cBa94d14128aCC28a3c4D398c,0xa1a6aD1A151F2a2fa5cD423A366F8DD0C3db833A,0,21000,50000000000,0,0x,0xdd9b3025e440ddbb7c23e65ff84e9ff315ca007a9d7a70f3c8cf5e134c718dc0
0x31e0aFfa99fBF73f6C13f5995F9C1164Cef63847,0x4B0A824CB57C6c5D06d1C2A3bE2B09B3498D22B8,0,21000,50000000000,0,0x,0x53d5201e492e224c35726c899ec749bbfea1a9d851c2d8aabe3459dbb2da18cd
0xF8CF5d88d878f17E95536Fd08E35996c39418716,0xD09D8b72bE672DbDdFAd1Ca1D976eB78043ba641,0,21000,50000000000,0,0x,0xdbe84bea6bc79ffb2065c2703b527c32b4577c343ee66582da5696119b858999
0x5fE880Be26F48518fe8cE1f395925Ed55af9A1dF,0x02Cf5Bccc4507FD6f5f6cFb95FA710Afc19FAd23,0,21000,50000000000,0,0x,0x2a3c260d0c46dcd853ce3a69d53845e102c7eddaecd0da4320fa4b7767579fc3
0xA693D06C441B036C68673e63ADA77A0dA2B4A005,0x16Fe2D2516FF9d047E18B5C7dD56974ce2257A72,0,21000,50000000000,0,0x,0xe32af2b1f1bad06c89a0a97398d979825d93f70d60ad763f3fd20c42f0f40278
0x854946A9bDD2130B4Fb52f23f484A377534bc527,0x228fCd47c709898A8e2A393b721AD11ac64ba5bA,0,21000,50000000000,0,0x,0x3c44bbca9e9fd3691e5e71997fe31d1e7e23a58987226891619e7158a8511a51
0x15F7748773dF02Aab66b8508E8847fAE185b0c6C,0x0E19D87e273ab88261f2e846eF53e8e5A0c94bac,0,21000,50000000000,0,0x,0x7501643ae14fa8064e4fe76e1939bddefd2bbe9d6436da145c564f04e5f07f62
0x25160CC12B20C793381782F4DA7F2c6c4A702103,0x4dD834b4B6f1fF8AD9B35C23da094499C80c1a63,0,21000,50000000000,0,0x,0x0b741c5b26e1b61a0b00f93e8ac417e94df045a94b91a756d25c0f15e5cd8584
0x29A8dF06896CB6E56DA0fef3bDF701136aA2450c,0xD6b484995fa5B4E617C7EA3BB4D797C061703Cde,0,21000,50000000000,0,0x,0xcda946fe39717af6633a2275d8bb2fd8bd0078eb860480cf09ee58808265682e
0xE07C88B0385dC3790C863F4B1ab4Ff065c155a0b,0x124855158eEB3B5898AA4b45f699822b9F306278,0,21000,50000000000,0,0x,0xa5aa1d61c9432465e6a5ad4134e7e58073364e085d42961f85cff92232d800c2
0x472BC9e9edE368781B70Ced0657c4725a2B0779b,0x15D8AE9e05b076A2271A1C0FCad41823936e8216,0,21000,50000000000,0,0x,0x7a1de2d95c2e2b2d61bbedf4b0f67f8a6f84ddec34b9eb09c3e9d3f4594f43fc
0x3Cd894A5C21367e2d461185AeA8f181512B20F57,0x7053D292302946D96dd39e78263DeB653be80769,0,21000,50000000000,0,0x,0xbab7ecf9c6215024cca7d4953f9ee7894ef3225b94a22d0b32da53e43edc8a3d
0x388368d25Aa3048BEFbb7b6E3c14dac08f4940FB,0xC04d577B32B88C23BEB8fDeD09Ff3e00FB20fA14,0,21000,50000000000,0,0x,0x9fe013a9c141532bf6f8b2e77967e2d752a0541d05abbf0a6fba52369bea6851
0xd1084aC01005fb7De552FDa8657EfAbd62eE2C59,0x29097FdbAF0bc6d262cFb1899B431A57C7EBbC87,0,21000,50000000000,0,0x,0xaa0737739eacb6f74ed047fb0ae3d83c39ecd9a99ac5f234829384cecc0da43e
0x92753D295B14Fac36288A7B227E411bFdb2E187d,0xdd8eD8e00034226F1c6fba4aAaA5136014bA2D9b,0,21000,50000000000,0,0x,0x2b17e6ee9a208b63d4a40c029e1c19a566b4835d8725003a545f8cde1e3d1e6d
0x63283C5D201204E66160355631F09808C2e16F7b,0xC88BEBAD83F67D3b0B55A7eF64ef3ABd17efd0C7,0,21000,50000000000,0,0x,0x559bf5e72e056e9a75fd7ecabcc4a75191cb96c0fe8046341e66d5a2e8c9715f
0x6AC81dC8FF95fc357a3F6625B727D54C2474E528,0x3A3BbB4C0Fb40201d942Ee0c8f5fF3a06239A94E,0,21000,50000000000,0,0x,0x0885eb1d255ea664370320b7cdc4ffded04bd901aa05c905cbbb3e00ce356c19
0xA7675faa785a1d7a912E3FC84f28f13382007eCc,0x88F34A0384dEF7c5FB9280E589cEd4eAA456674b,0,21000,50000000000,0,0x,0x31981877f00d6a36d936cd0dfd7ed1d17efd5586cd1534bc89a5df8cebc2f7a4
0xA6ce4b2D64E307aEE49D5fe5362B0B4525924D5e,0x1B33Dcc4da16d72ACA4f686E20433b7f132a8c77,0,21000,50000000000,0,0x,0x62053b1966f29870917ddfc87e213655ee9b4f8b7e4a93befe2e43dd57710b5c
0x6633EC16bD36ED2F30E7f6991dCB27070166948B,0xc69b9a7F9101aAB170190E7AB9b34B4a06676089,0,21000,50000000000,0,0x,0x5299f1abb79a2310508ac4984fb62ec34a2176de683452e50840939316f4e088
0x39DC9D2f50DCA7B54C6E6316037983B249d8c024,0x11D23ddA34Ab400dEFbc2F6304C57413c60eCbCd,0,21000,50000000000,0,0x,0x1eb21c961093ad9d6a07d27cbe2a60a747d8e051965b44798a462b00d4bd0898
0x31CE71E087C798a3cAFaE4EFD5e57e6B3a68a853,0xF7E81DC813F052a84dc91544a9ebA24717188e76,0,21000,50000000000,0,0x,0xb60ffd0058e8f452640f7698f403aa218321d280c432173098a21c95b516f27a
0x43a3e6d24b38E50D513eB72DeE23BD7EC726d056,0x7CaAccD724Bc1897E88820b1d98A26fDcd859bff,0,21000,50000000000,0,0x,0x2aa1262ad0a2e3f9bb1fa1f4f47c19097517fc2bdfd952d9d5ac0758a57597a0
0x530962d6B92f8c33D9cE305e3C4096C8F40F6fdC,0xe7CD4492DBf517B0510794197647416f2a21A09a,0,21000,50000000000,0,0x,0x455d3d6ae9f3ef972e97fd2bbbef11ebf9d63c48f3b30dbefa1029286b884758
0x94d52146fAFb4c09280Ab6171F127aAc410C1dAB,0x88C3Dd482C6256aaD9b1212D5804cebd6e16dCf0,0,21000,50000000000,0,0x,0x9bc85f7fec666cc2dfc08ff6d17954bdbc2483dfd2a9f1d179cda71cef21933a
0x3fcc1E85d183985236C6AD6c0Fa31Efe4DcF0F97,0x5805A43322fd165815FBf4dc07571A99B8fED35f,0,21000,50000000000,0,0x,0x74efc83388137b0e3310baa75d1cfa7bb095ff1188dbdd60c8d13deeb12c120a
0xDeb266745C243A70f4935885105c661A8eeB8bB4,0x77abBb00B3b986D86777723c76dd555f42d488bB,0,21000,50000000000,0,0x,0xdb6921c6aab70d7e61261140e61897d5a6944ed497a16c2a89b1ac62aa7eaaac
0x8850A4Dd2F337E88A7FDb6c339b1f494aD8c0e7A,0xF8db7A075Cd92aa82CAabAE36B640d29c64F68ff,0,21000,50000000000,0,0x,0xf629c7bf4a19f0edcae3d56653acfcdce4280129eabc8b75a68aa8990fbeba0c
0x134fAe9B1A85000C516dAC803715342F28f5FDcE,0x7b504d0AaAC015fc04122EBAc846e654a1AA06C2,0,21000,50000000000,0,0x,0x22a91ec4585ed990e9da59420aae16e8336b461e0904f55979e4f58df666bc12
0x2B5c849e5b79Fed0FC05309cAD0249848345D762,0x13b416a05e65F8E6b86AF753A8D91Bb5314AEC35,0,21000,50000000000,0,0x,0x8089e410804477ead26c2e26f1e1b60f14912cda54ec62e4c1a420cc6c0c4d84
0xdaD8f8a11b4d1d17763d780f4ddd9039487Ac2d5,0xB54b75e443ca3F70a026F6655422892FaB395fF9,0,21000,50000000000,0,0x,0xfb34d155abf6775b2675a4505e71d9880645b8cc1944214223f67392a0c306d9
0x450A47A5A466f85A1CC5b3EA9D01B453fD5C62c4,0x339889b80446fe8AfaCfDcbc06AD046569496c88,0,21000,50000000000,0,0x,0xbe64fcb7154ee30748247e36b5b52bef37f6e4d7dd3bc87c4fd44e45e0872a79
0x026614a582A0f59A00A201b7Bc65b7B1Daf222B7,0x9017E59d6eFa31B7Ed37e6e6a8C7dc58198A9973,0,21000,50000000000,0,0x,0x8026de7edcdc6142e6383c7af82ca1d4c96373c32e106cd6c800b3322ed8d4e3
0x92D1009F0073AB7bbBa07a4f3fC19BF35A7738c7,0x77A53fB9A4e21B455d1D2c8DADD0BC0356769956,0,21000,50000000000,0,0x,0xe71d21ef619fb625e0b3cb1494c09b3939d513de42656d85c4699c265865be83
0x3e6DEC5FaE496EBfc4F41b5E94bba3bb562795D5,0x9445ea5479B7B4a836065D4c3aC512bD54090bA7,0,21000,50000000000,0,0x,0xc4bd783e8f2b00502e8d4085ebcd6d345debe21d88f6cd1dabece64aeed4602b
0x4d4c99cCbd9a1f190A9cC0A1A6a2504767387f5C,0xe8968731294a386E41DD7bAF96F6B1Cbc617Fbf2,0,21000,50000000000,0,0x,0x9e54b6c9747e1f1a5562df83c131f12d034aa0b48b1e200f57a98571b7c6a2d0
0xB451521255ddc4F80160F895210029044783d998,0xeb9D9DB253C519dF97BFd017A981EA3F2DE4A057,0,21000,50000000000,0,0x,0xd77fdaeeead984775177093b3e9201ac02b5858f0dccd4e6965e9615525779fe
